offset_md,ROP_log,GR_log
10724.974289278149,125.0,109.40030558706192
10725.474289278149,125.0,108.96088797875206
10725.974289278149,125.0,106.32551181306945
10726.474289278149,125.0,102.50541235867854
10726.974289278149,125.0,100.36046538104104
10727.474289278149,125.0,100.95410239599107
10727.974289278149,125.0,104.14602369968897
10728.474289278149,125.0,106.3886955669536
10728.974289278149,125.0,107.57099661150352
10729.474289278149,125.0,109.94068594169686
10729.974289278149,125.0,115.85517492908323
10730.474289278149,125.0,122.01888395668628
10730.974289278149,125.0,128.0587744301216
10731.474289278149,125.0,128.18687291719093
10731.974289278149,125.0,121.59291624073951
10732.474289278149,125.0,111.6657909455152
10732.974289278149,125.0,109.42058702753867
10733.474289278149,125.0,113.75875901502161
10733.974289278149,125.0,125.27285614159501
10734.474289278149,125.0,138.7941541512081
10734.974289278149,125.0,149.84488920627996
10735.474289278149,125.0,154.62053452562867
10735.974289278149,125.0,150.21803948815594
10736.474289278149,125.0,147.47982702538812
10736.974289278149,125.0,147.16761580997238
10737.474289278149,125.0,161.75093251007974
10737.974289278149,125.0,175.70637320429577
10738.474289278149,125.0,188.0230129006302
10738.974289278149,125.0,182.96906586924274
10739.474289278149,125.0,174.564882022003
10739.974289278149,125.0,177.31037821349048
10740.474289278149,125.0,185.58101513511122
10740.974289278149,125.0,193.18081952148933
10741.474289278149,125.0,194.74713456692143
10741.974289278149,125.0,192.45188513048828
10742.474289278149,125.0,188.8114136060306
10742.974289278149,125.0,188.0641843874554
10743.474289278149,125.0,192.38892415196065
10743.974289278149,125.0,196.43354290353417
10744.474289278149,125.0,194.07883789799692
10744.974289278149,125.0,189.9455356994315
10745.474289278149,125.0,185.1132167450567
10745.974289278149,125.0,179.96833464950524
10746.474289278149,125.0,175.47708253169492
10746.974289278149,125.0,173.1193897196763
10747.474289278149,125.0,169.927759741928
10747.974289278149,125.0,159.3304301949534
10748.474289278149,125.0,146.70287507812182
10748.974289278149,113.61705732443079,137.09062411432703
10749.474289278149,113.0,138.65487826015874
10749.974289278149,113.0,151.10226412464812
10750.474289278149,113.0,147.25576607202422
10750.974289278149,113.0,142.49481749348433
10751.474289278149,113.0,124.40913451316138
10751.974289278149,113.0,106.48805546329596
10752.474289278149,113.0,94.50857403357192
10752.974289278149,113.0,101.14096291321164
10753.474289278149,113.0,121.350703198166
10753.974289278149,113.0,144.63786405281704
10754.474289278149,113.0,160.5193560015902
10754.974289278149,113.0,164.13607262642856
10755.474289278149,113.0,156.5220387810366
10755.974289278149,113.0,138.73632094841915
10756.474289278149,113.0,124.31854445068234
10756.974289278149,113.0,115.14470227039654
10757.474289278149,113.0,113.50791685452229
10757.974289278149,113.0,114.37834987795297
10758.474289278149,113.0,116.92565876017485
10758.974289278149,113.0,116.3552575541147
10759.474289278149,113.0,112.03796213255784
10759.974289278149,113.0,105.41447768766915
10760.474289278149,113.0,97.08476287020079
10760.974289278149,113.0,88.78543803262538
10761.474289278149,113.0,81.28544970569003
10761.974289278149,113.0,79.50569236513019
10762.474289278149,113.0,78.80678388851258
10762.974289278149,113.0,74.24828028646124
10763.474289278149,113.0,67.25006925774314
10763.974289278149,113.0,60.783691304452404
10764.474289278149,113.0,60.081157205931405
10764.974289278149,113.0,71.03225958213612
10765.474289278149,113.0,83.83710317666058
10765.974289278149,113.0,92.0439938367898
10766.474289278149,113.0,97.08965198318185
10766.974289278149,113.0,102.18064779422951
10767.474289278149,113.0,109.40461802464154
10767.974289278149,113.0,121.62500327537113
10768.474289278149,113.0,135.12118801638655
10768.974289278149,113.0,145.60922785810212
10769.474289278149,113.0,159.07292003655922
10769.974289278149,113.0,176.36369037108582
10770.474289278149,113.0,208.69699619858437
10770.974289278149,113.0,235.35620465907292
10771.474289278149,113.0,229.68572436919936
10771.974289278149,113.0,205.43496920933606
10772.474289278149,113.0,175.63336864759322
10772.974289278149,113.0,155.66375870103494
10773.474289278149,113.0,153.91657151908132
10773.974289278149,113.0,155.63656180048804
10774.474289278149,113.0,156.67868139918482
10774.974289278149,113.0,153.75146333322607
10775.474289278149,113.0,145.54320810695813
10775.974289278149,113.0,136.4559635665691
10776.474289278149,113.0,129.48828831080627
10776.974289278149,113.0,132.09841083131687
10777.474289278149,113.0,145.21184018624146
10777.974289278149,113.0,153.94940895039556
10778.474289278149,113.0,154.04351171973292
10778.974289278149,113.0,147.6258890592175
10779.474289278149,113.0,133.4212158711012
10779.974289278149,113.0,121.35725213759903
10780.474289278149,113.0,118.54329774938996
10780.974289278149,113.0,123.25605916577913
10781.474289278149,113.0,133.3879598782748
10781.974289278149,113.0,141.71652141853974
10782.474289278149,113.0,146.33456295450355
10782.974289278149,113.0,145.69594777810045
10783.474289278149,112.05142144370257,142.20281410498396
10783.974289278149,111.05142144370257,141.6688202483952
10784.474289278149,110.05142144370257,152.76259778702445
10784.974289278149,109.05142144370257,168.27380916932677
10785.474289278149,108.05142144370257,180.06938541759317
10785.974289278149,107.05142144370257,184.0381453461937
10786.474289278149,106.05142144370257,181.1959829839675
10786.974289278149,105.05142144370257,176.47218287987823
10787.474289278149,104.05142144370257,172.32539355507544
10787.974289278149,103.05142144370257,166.8721548979014
10788.474289278149,102.05142144370257,152.8279194623494
10788.974289278149,101.05142144370257,129.52859624547222
10789.474289278149,100.05142144370257,103.08993623794531
10789.974289278149,99.05142144370257,89.40286171080892
10790.474289278149,98.05142144370257,96.75997458627629
10790.974289278149,97.05142144370257,118.9705693383639
10791.474289278149,96.05142144370257,134.9877171989942
10791.974289278149,95.05142144370257,135.7265480796155
10792.474289278149,94.05142144370257,125.84165717904963
10792.974289278149,93.05142144370257,115.01961413551062
10793.474289278149,92.05142144370257,108.02399733840932
10793.974289278149,91.05142144370257,105.79112298719329
10794.474289278149,90.05142144370257,105.36932902652777
10794.974289278149,89.05142144370257,106.36508189812567
10795.474289278149,88.05142144370257,108.37407182596561
10795.974289278149,87.05142144370257,114.71974974332329
10796.474289278149,86.05142144370257,120.57493288342587
10796.974289278149,85.05142144370257,127.16307582825199
10797.474289278149,84.05142144370257,130.9454430022471
10797.974289278149,83.05142144370257,133.85726619224252
10798.474289278149,82.05142144370257,134.62347321870593
10798.974289278149,81.05142144370257,134.38191221867373
10799.474289278149,80.05142144370257,130.63149764531428
10799.974289278149,79.05142144370257,126.55785091175093
10800.474289278149,78.05142144370257,123.29357704872226
10800.974289278149,77.05142144370257,120.07547420583485
10801.474289278149,76.05142144370257,117.12117904448554
10801.974289278149,75.05142144370257,114.23999091497598
10802.474289278149,74.05142144370257,113.75715176962701
10802.974289278149,73.05142144370257,119.0643200150538
10803.474289278149,72.05142144370257,126.44931617963529
10803.974289278149,71.05142144370257,134.3116447592912
10804.474289278149,70.05142144370257,134.58135326644947
10804.974289278149,69.05142144370257,133.71174209232564
10805.474289278149,68.05142144370257,132.28956109336872
10805.974289278149,67.05142144370257,131.13077471015202
10806.474289278149,66.05142144370257,130.75707191930925
10806.974289278149,65.05142144370257,128.28887301052742
10807.474289278149,64.05142144370257,123.46812477479513
10807.974289278149,63.051421443702566,118.78982961342963
10808.474289278149,62.051421443702566,115.64640103917355
10808.974289278149,61.051421443702566,112.39853106358295
10809.474289278149,60.051421443702566,111.14962044582091
10809.974289278149,59.051421443702566,111.22474957643794
10810.474289278149,58.051421443702566,112.69091381958545
10810.974289278149,57.051421443702566,113.64269227179363
10811.474289278149,56.051421443702566,114.48775456584325
10811.974289278149,55.051421443702566,119.07658844177641
10812.474289278149,54.051421443702566,121.50378210092781
10812.974289278149,53.051421443702566,122.52884109982035
10813.474289278149,53.0,121.98039550953261
10813.974289278149,53.0,120.87041476004612
10814.474289278149,53.0,122.39043471767893
10814.974289278149,53.0,127.36023098637548
10815.474289278149,53.0,132.8108789672592
10815.974289278149,53.0,134.98156848414413
10816.474289278149,53.0,127.76856217383418
10816.974289278149,53.0,114.6506129814951
10817.474289278149,53.0,104.20676670559348
10817.974289278149,53.0,98.41054327688035
10818.474289278149,53.0,95.18820078970315
10818.974289278149,53.0,94.60024249255356
10819.474289278149,53.0,97.0850417028413
10819.974289278149,53.0,101.19554415088547
10820.474289278149,53.0,104.93117502241978
10820.974289278149,53.0,107.29519347247742
10821.474289278149,53.0,111.87416495026683
10821.974289278149,53.0,119.16014435906474
10822.474289278149,53.0,128.3381689525461
10822.974289278149,53.0,136.8399745862763
10823.474289278149,53.0,147.28345234745782
10823.974289278149,53.0,153.84378236114972
10824.474289278149,53.0,147.34782302310887
10824.974289278149,53.0,130.1227076331509
10825.474289278149,53.0,105.46038726453745
10825.974289278149,53.0,96.75132137552887
10826.474289278149,53.0,104.74581738034487
10826.974289278149,53.0,121.54026563222331
10827.474289278149,53.0,130.93285249284446
10827.974289278149,53.0,129.09274842242286
10828.474289278149,53.0,119.38356226717073
10828.974289278149,53.0,114.95206203382938
10829.474289278149,53.0,113.96026842672352
10829.974289278149,53.0,118.78515657236214
10830.474289278149,53.0,128.2587492030918
10830.974289278149,53.0,136.65965937395762
10831.474289278149,53.0,134.16163515383306
10831.974289278149,53.0,119.00123013215904
10832.474289278149,53.0,108.75343767906573
10832.974289278149,53.0,110.01015042893842
10833.474289278149,53.0,116.19682290998583
10833.974289278149,53.0,120.13349567104284
10834.474289278149,53.0,103.7677669856031
10834.974289278149,53.0,84.65729171908927
10835.474289278149,53.0,69.23263437320557
10835.974289278149,53.0,64.65378861769841
10836.474289278149,53.0,71.75205488349025
10836.974289278149,53.0,89.98317401550436
10837.474289278149,53.0,103.12310861296497
10837.974289278149,53.0,100.64794787143697
10838.474289278149,53.0,94.65372766433374
10838.974289278149,53.0,91.55297335871073
10839.474289278149,53.0,96.75767452883584
10839.974289278149,53.0,107.72614880823812
10840.474289278149,53.0,115.75229024549117
10840.974289278149,53.0,111.77546422701845
10841.474289278149,53.0,103.31097818123234
10841.974289278149,53.0,98.27293120896412
10842.474289278149,53.0,101.02814828779398
10842.974289278149,53.0,105.37328285471538
10843.474289278149,53.0,106.84074075163254
10843.974289278149,53.0,105.63595615600539
10844.474289278149,53.0,105.3829757600783
10844.974289278149,53.0,106.62891800853781
10845.474289278149,53.0,109.9477787124313
10845.974289278149,53.0,113.62899776551902
10846.474289278149,53.0,115.89828419540397
10846.974289278149,53.0,114.67445281417692
10847.474289278149,53.0,110.12186347862352
10847.974289278149,53.0,105.73276313042473
10848.474289278149,53.0,101.83510383001634
10848.974289278149,53.0,102.35027965289197
10849.474289278149,53.0,104.38006638966831
10849.974289278149,53.0,106.9647386104926
10850.474289278149,53.0,108.95347107756149
10850.974289278149,53.0,109.22758987580242
10851.474289278149,53.0,109.09661037366848
10851.974289278149,53.0,108.96758194479395
10852.474289278149,53.0,107.76009954772744
10852.974289278149,53.0,106.28446368678571
10853.474289278149,53.0,104.58403351161878
10853.974289278149,53.0,103.31407111885339
10854.474289278149,53.0,105.19932893319124
10854.974289278149,53.0,120.32858717463877
10855.474289278149,53.0,135.53957674887377
10855.974289278149,53.0,139.43133766465496
10856.474289278149,53.0,132.2418761388008
10856.974289278149,53.0,120.77688256223414
10857.474289278149,53.0,110.81168391367544
10857.974289278149,53.0,106.6111836803341
10858.474289278149,49.20568577481026,103.02742028968704
10858.974289278149,49.0,100.54369700097872
10859.474289278149,49.0,98.81874797553205
10859.974289278149,49.0,99.23569521339384
10860.474289278149,49.0,100.14043516457512
10860.974289278149,49.0,100.99618892996541
10861.474289278149,49.0,101.9639155138337
10861.974289278149,49.0,104.40536654042583
10862.474289278149,49.0,109.77589652354332
10862.974289278149,49.0,114.58661687065135
10863.474289278149,49.0,115.71892095013487
10863.974289278149,49.0,114.6657002961389
10864.474289278149,49.0,113.88318314010135
10864.974289278149,49.0,113.90660618471563
10865.474289278149,49.0,115.29492469219426
10865.974289278149,49.0,116.09661117412384
10866.474289278149,49.0,111.89205953912528
10866.974289278149,49.0,106.35565155607215
10867.474289278149,49.0,98.1198602768127
10867.974289278149,49.0,90.0728627714894
10868.474289278149,49.0,86.64731450519935
10868.974289278149,49.0,90.54391622095301
10869.474289278149,49.0,98.3089938367898
10869.974289278149,49.0,105.33528400873091
10870.474289278149,49.0,106.29160449046738
10870.974289278149,49.0,102.55814313149918
10871.474289278149,49.0,100.68734747659147
10871.974289278149,49.0,100.61597157112595
10872.474289278149,49.0,104.92449522414665
10872.974289278149,49.0,104.82220319107071
10873.474289278149,49.0,103.57938508382001
10873.974289278149,49.0,102.9950761082616
10874.474289278149,49.0,104.52172025377149
10874.974289278149,49.0,107.7457950213445
10875.474289278149,49.0,110.84141626761064
10875.974289278149,49.0,111.94193850640316
10876.474289278149,49.0,108.30492657311558
10876.974289278149,49.0,107.13175840123883
10877.474289278149,49.0,109.79478040667955
10877.974289278149,49.0,119.37466516382167
10878.474289278149,49.0,129.66489633687024
10878.974289278149,49.0,137.30080196522408
10879.474289278149,49.0,134.34036343195112
10879.974289278149,49.0,124.2681713934886
10880.474289278149,49.0,112.25040515457586
10880.974289278149,49.0,106.64701400088217
10881.474289278149,49.0,104.80520533221515
10881.974289278149,49.0,109.194445050055
10882.474289278149,49.0,115.99926645246565
10882.974289278149,49.0,121.1225558239509
10883.474289278149,49.0,123.84635566780807
10883.974289278149,49.0,125.19892344484197
10884.474289278149,49.0,125.86355306902368
10884.974289278149,49.0,126.07717850425281
10885.474289278149,49.0,127.196836910868
10885.974289278149,49.0,127.46948159661062
10886.474289278149,49.0,124.03007121218994
10886.974289278149,49.0,119.98797674720723
10887.474289278149,49.0,115.55972258160436
10887.974289278149,49.0,112.3685891686837
10888.474289278149,49.0,109.42487051582333
10888.974289278149,49.0,103.41842457197593
10889.474289278149,49.0,98.0744822301799
10889.974289278149,49.0,93.07428447541359
10890.474289278149,49.0,90.92843151585551
10890.974289278149,49.0,91.47482773250745
10891.474289278149,49.0,92.65019142466537
10891.974289278149,49.0,93.88064878135822
10892.474289278149,49.0,97.20426449799429
10892.974289278149,49.0,100.68774484725286
10893.474289278149,49.0,106.41144166155851
10893.974289278149,49.0,111.21964529952541
10894.474289278149,49.0,118.82971248964958
10894.974289278149,49.0,127.04149298966567
10895.474289278149,49.0,135.87225174443358
10895.974289278149,49.0,138.1540137208722
10896.474289278149,49.0,130.6359141929316
10896.974289278149,49.0,117.52532744540255
10897.474289278149,49.0,102.10178070647565
10897.974289278149,49.0,90.86768730217193
10898.474289278149,49.0,78.84127388281439
10898.974289278149,49.0,72.71824437347489
10899.474289278149,49.0,70.31889849780883
10899.974289278149,49.0,70.87185072507697
10900.474289278149,49.0,73.35153836102218
10900.974289278149,49.0,78.2496586668383
10901.474289278149,49.0,86.07291398647205
10901.974289278149,49.0,92.90392824757733
10902.474289278149,49.0,99.00892325816912
10902.974289278149,49.0,104.00887522522193
10903.474289278149,49.0,106.52725701387375
10903.974289278149,49.0,102.16701774293922
10904.474289278149,49.0,87.62133252814729
10904.974289278149,49.0,76.22192016946873
10905.474289278149,49.0,68.39506551566241
10905.974289278149,49.0,62.072435444584734
10906.474289278149,49.0,61.41425461251441
10906.974289278149,49.0,64.32046768906498
10907.474289278149,49.0,68.09593003514895
10907.974289278149,49.0,69.8059313758504
10908.474289278149,49.0,70.13368184608105
10908.974289278149,49.0,70.0720622940525
10909.474289278149,49.0,70.69026753293112
10909.974289278149,49.0,74.92335726872874
10910.474289278149,49.0,83.26988386334973
10910.974289278149,49.0,92.20357239308723
10911.474289278149,49.0,100.55617358836594
10911.974289278149,49.0,106.95150769766599
10912.474289278149,49.0,109.62557766250504
10912.974289278149,49.0,112.47067756379215
10913.474289278149,49.0,116.52804080905801
10913.974289278149,49.0,121.15753033667715
10914.474289278149,49.0,121.33818812950955
10914.974289278149,49.0,120.10469361248222
10915.474289278149,49.0,117.10214936827012
10915.974289278149,49.0,112.52641824188002
10916.474289278149,49.0,106.94934846371433
10916.974289278149,49.0,99.71640496790279
10917.474289278149,49.0,98.65228054668435
10917.974289278149,49.0,102.18260395023465
10918.474289278149,49.0,111.46622830499831
10918.974289278149,49.0,117.578379367506
10919.474289278149,49.0,125.42609667964975
10919.974289278149,49.0,137.28054886028258
10920.474289278149,49.0,136.76839720378086
10920.974289278149,49.0,127.47922780433856
10921.474289278149,49.0,110.37223521490081
10921.974289278149,49.0,94.24731417142618
10922.474289278149,49.0,80.42173088594366
10922.974289278149,49.0,76.9092074733596
10923.474289278149,49.0,82.19804659890228
10923.974289278149,49.0,102.3382119762947
10924.474289278149,49.0,133.64235285353035
10924.974289278149,49.0,165.50935285353034
10925.474289278149,49.0,181.27707759605028
10925.974289278149,49.0,181.80585536092565
10926.474289278149,49.0,172.79193807929366
10926.974289278149,49.0,163.8995939912047
10927.474289278149,49.0,150.76150470234944
10927.974289278149,49.0,139.4575087979212
10928.474289278149,49.0,128.05302720130848
10928.974289278149,49.0,116.91685787541623
10929.474289278149,49.0,106.70080181812398
10929.974289278149,49.0,101.08887604546426
10930.474289278149,49.0,98.51269700097873
10930.974289278149,49.0,99.59554050216664
10931.474289278149,49.0,101.57143721237608
10931.974289278149,49.0,101.94534488854471
10932.474289278149,49.948578556297434,101.91826254352291
10932.974289278149,50.948578556297434,102.15599037474325
10933.474289278149,51.948578556297434,105.2736976147615
10933.974289278149,52.948578556297434,107.65503377184191
10934.474289278149,53.948578556297434,108.35268434078513
10934.974289278149,54.948578556297434,107.41170697979513
10935.474289278149,55.948578556297434,107.01561456262158
10935.974289278149,56.948578556297434,106.88317057324433
10936.474289278149,57.948578556297434,106.62562668258117
10936.974289278149,58.948578556297434,105.94989216770439
10937.474289278149,59.948578556297434,105.3230355594267
10937.974289278149,60.948578556297434,102.41396123874988
10938.474289278149,61.948578556297434,98.43238268245244
10938.974289278149,62.948578556297434,90.80047563985998
10939.474289278149,63.948578556297434,82.9715784827744
10939.974289278149,64.94857855629743,80.0173236835604
10940.474289278149,65.94857855629743,79.37815052227495
10940.974289278149,66.94857855629743,79.88220399152657
10941.474289278149,67.94857855629743,82.48069930900975
10941.974289278149,68.94857855629743,88.20617911803559
10942.474289278149,69.94857855629743,99.227937686161
10942.974289278149,70.94857855629743,107.9098608707801
10943.474289278149,71.94857855629743,110.8854990595301
10943.974289278149,72.94857855629743,108.90102976956305
10944.474289278149,73.94857855629743,106.18974049141393
10944.974289278149,74.94857855629743,108.01445476864828
10945.474289278149,79.74289278148717,111.97602325279277
10945.974289278149,84.74289278148717,117.11096844285258
10946.474289278149,89.74289278148717,125.99678476251849
10946.974289278149,94.74289278148717,145.7495506280831
10947.474289278149,99.74289278148717,182.40369042471985
10947.974289278149,104.74289278148717,236.62249575877314
10948.474289278149,105.94857855629743,292.5584275815304
10948.974289278149,106.94857855629743,333.82692275191346
10949.474289278149,107.94857855629743,357.8922566207493
10949.974289278149,108.94857855629743,343.9835779623012
10950.474289278149,109.94857855629743,315.8326574788457
10950.974289278149,110.94857855629743,298.2346503285066
10951.474289278149,111.94857855629743,288.4481558850617
10951.974289278149,112.94857855629743,311.7894990199617
10952.474289278149,113.94857855629743,341.33441229931907
10952.974289278149,114.94857855629743,369.5561548385409
10953.474289278149,110.25710721851283,385.8653288200682
10953.974289278149,105.25710721851283,392.6451477475612
10954.474289278149,100.25710721851283,385.81197479273584
10954.974289278149,95.25710721851283,371.02837182963015
10955.474289278149,90.25710721851283,360.05267767695227
10955.974289278149,85.25710721851283,352.3040830719291
10956.474289278149,80.25710721851283,338.7164265462338
10956.974289278149,75.25710721851283,303.0259600507573
10957.474289278149,70.25710721851283,266.1559086293136
10957.974289278149,65.25710721851283,229.92619915481436
10958.474289278149,65.94857855629743,229.07049326967527
10958.974289278149,66.94857855629743,241.52576746647637
10959.474289278149,67.94857855629743,253.0753503050231
10959.974289278149,68.94857855629743,262.1035548368203
10960.474289278149,69.94857855629743,263.67368264653686
10960.974289278149,70.94857855629743,266.1282122760947
10961.474289278149,71.94857855629743,271.20294001397855
10961.974289278149,72.94857855629743,278.12243283675764
10962.474289278149,73.94857855629743,284.6013316881184
10962.974289278149,74.94857855629743,290.18243373055
10963.474289278149,75.94857855629743,302.52343345049655
10963.974289278149,76.94857855629743,301.66781151693107
10964.474289278149,77.94857855629743,295.76741913567156
10964.974289278149,78.94857855629743,286.01364336484056
10965.474289278149,79.94857855629743,276.5910530421419
10965.974289278149,80.94857855629743,274.30285500736596
10966.474289278149,81.94857855629743,278.4195345256295
10966.974289278149,82.94857855629743,287.6025815714478
10967.474289278149,83.94857855629743,299.265101128812
10967.974289278149,84.94857855629743,307.8997689004999
10968.474289278149,85.94857855629743,320.8344196363313
10968.974289278149,86.94857855629743,326.00826235684985
10969.474289278149,87.94857855629743,325.97122074733596
10969.974289278149,88.94857855629743,322.39029320687797
10970.474289278149,89.94857855629743,321.8925062834285
10970.974289278149,90.94857855629743,323.91449531748316
10971.474289278149,91.94857855629743,323.9823139649668
10971.974289278149,92.94857855629743,313.1576672512047
10972.474289278149,93.94857855629743,299.55081073626144
10972.974289278149,94.94857855629743,299.01858987580243
10973.474289278149,95.94857855629743,292.3386240209905
10973.974289278149,96.94857855629743,287.70644791810525
10974.474289278149,99.8457356688923,284.01648258373956
10974.974289278149,102.8457356688923,285.5819731720377
10975.474289278149,105.8457356688923,289.6003209088319
10975.974289278149,108.8457356688923,294.16412983773546
10976.474289278149,111.8457356688923,303.9427002763522
10976.974289278149,121.48578556297434,310.8486765766632
10977.474289278149,131.48578556297434,326.80575730098684
10977.974289278149,141.48578556297434,343.645983037731
10978.474289278149,151.48578556297434,363.38117606331224
10978.974289278149,161.48578556297434,372.85868067227904
10979.474289278149,171.48578556297434,371.57161545641907
10979.974289278149,181.48578556297434,365.8984095104159
10980.474289278149,191.48578556297434,363.0168149054273
10980.974289278149,201.48578556297434,383.5379895347144
10981.474289278149,211.48578556297434,456.6769297297701
10981.974289278149,221.48578556297434,512.469195608026
10982.474289278149,231.48578556297434,574.5264223121126
10982.974289278149,241.48578556297434,572.7864199361275
10983.474289278149,238.20568577481026,538.5038701284103
10983.974289278149,234.20568577481026,514.9878257242768
10984.474289278149,222.6170573244308,498.28761476907994
10984.974289278149,215.35995010591796,495.20640602858174
10985.474289278149,210.25710721851283,480.5575194103048
10985.974289278149,205.25710721851283,451.4871817654357
10986.474289278149,200.25710721851283,422.31336944804906
10986.974289278149,195.25710721851283,417.7482455274904
10987.474289278149,199.74289278148717,435.09560588485584
10987.974289278149,204.74289278148717,447.9041291108282
10988.474289278149,209.74289278148717,492.6350341395921
10988.974289278149,214.74289278148717,494.9178106231384
10989.474289278149,210.25710721851283,473.0491614344567
10989.974289278149,205.25710721851283,438.71876808585506
10990.474289278149,200.25710721851283,418.01872653010474
10990.974289278149,195.25710721851283,420.7304509332556
10991.474289278149,190.25710721851283,426.15492495239835
10991.974289278149,185.25710721851283,422.4046439786241
10992.474289278149,180.25710721851283,412.5655162820314
10992.974289278149,175.25710721851283,402.73844436272213
10993.474289278149,184.48578556297434,403.07444060087954
10993.974289278149,194.48578556297434,405.10632349688683
10994.474289278149,204.48578556297434,414.30897119777984
10994.974289278149,214.48578556297434,421.4344612656316
10995.474289278149,224.48578556297434,445.6023731844227
10995.974289278149,234.48578556297434,461.1292669729091
10996.474289278149,244.48578556297434,521.5637454554397
10996.974289278149,254.48578556297434,559.2276072793717
10997.474289278149,245.51421443702566,554.3676294572949
10997.974289278149,207.05685774810263,511.83868317257907
10998.474289278149,181.28553609256414,463.28608091659265
10998.974289278149,170.51421443702566,414.5101323380363
10999.474289278149,179.48578556297434,375.8554655338615
10999.974289278149,189.48578556297434,354.6123465290333
11000.474289278149,199.48578556297434,354.44064085034995
11000.974289278149,204.74289278148717,370.42411974579693
11001.474289278149,209.74289278148717,380.9995472593731
11001.974289278149,214.74289278148717,377.3845060232054
11002.474289278149,219.74289278148717,378.340031724034
11002.974289278149,224.74289278148717,424.1055662638541
11003.474289278149,229.74289278148717,465.9575472932069
11003.974289278149,234.74289278148717,501.73428707763816
11004.474289278149,230.25710721851283,522.2136944667017
11004.974289278149,225.25710721851283,517.8057707078727
11005.474289278149,220.25710721851283,508.5422411716514
11005.974289278149,215.25710721851283,492.7886281363928
11006.474289278149,210.25710721851283,448.7731669103341
11006.974289278149,205.25710721851283,416.000651335422
11007.474289278149,200.25710721851283,385.3491592198677
11007.974289278149,195.25710721851283,378.058968462661
11008.474289278149,190.25710721851283,376.50636209125065
11008.974289278149,185.25710721851283,374.3179783481189
11009.474289278149,180.25710721851283,362.6237015632772
11009.974289278149,175.25710721851283,344.40271351635147
11010.474289278149,179.74289278148717,328.8019985122113
11010.974289278149,184.74289278148717,329.0874823970665
11011.474289278149,189.74289278148717,341.42250367560143
11011.974289278149,194.74289278148717,351.6307002763175
11012.474289278149,199.74289278148717,366.77697849521616
11012.974289278149,204.74289278148717,375.6575807709919
11013.474289278149,209.74289278148717,384.17599214254153
11013.974289278149,214.74289278148717,392.06413598116006
11014.474289278149,210.25710721851283,398.9097969758159
11014.974289278149,205.25710721851283,401.848619458692
11015.474289278149,200.25710721851283,397.28974183210255
11015.974289278149,195.25710721851283,383.40772046028064
11016.474289278149,190.25710721851283,362.34096153854995
11016.974289278149,185.25710721851283,348.24916525006296
11017.474289278149,180.25710721851283,337.486272989022
11017.974289278149,175.25710721851283,330.186172100606
11018.474289278149,170.25710721851283,324.90446592126665
11018.974289278149,165.25710721851283,316.0723356366342
11019.474289278149,169.74289278148717,311.62491864210705
11019.974289278149,174.74289278148717,315.0714618058511
11020.474289278149,179.74289278148717,332.0731205462494
11020.974289278149,184.74289278148717,348.73609550587514
11021.474289278149,189.74289278148717,364.9104922627598
11021.974289278149,194.74289278148717,377.15714292503964
11022.474289278149,199.74289278148717,393.00448014279897
11022.974289278149,204.74289278148717,406.3740028284773
11023.474289278149,209.74289278148717,420.512432556748
11023.974289278149,214.74289278148717,430.35404561176
11024.474289278149,219.74289278148717,438.6927446605782
11024.974289278149,224.74289278148717,436.92583495639667
11025.474289278149,229.74289278148717,431.81937395098805
11025.974289278149,234.74289278148717,427.3060081176816
11026.474289278149,239.74289278148717,423.9494850784436
11026.974289278149,244.74289278148717,425.43432100218274
11027.474289278149,249.74289278148717,441.8386025897596
11027.974289278149,254.74289278148717,485.5257101956534
11028.474289278149,250.25710721851283,516.8781952940335
11028.974289278149,245.25710721851283,525.347217525726
11029.474289278149,240.25710721851283,521.3252869701176
11029.974289278149,235.25710721851283,489.1104168672135
11030.474289278149,230.25710721851283,458.07635697452855
11030.974289278149,225.25710721851283,427.18735697452854
11031.474289278149,220.25710721851283,394.8802320328639
11031.974289278149,215.25710721851283,376.8406369612532
11032.474289278149,210.25710721851283,376.95849326967505
11032.974289278149,205.25710721851283,378.2765066369882
11033.474289278149,200.25710721851283,374.3770958990078
11033.974289278149,195.25710721851283,361.49752769487293
11034.474289278149,190.25710721851283,353.1531253150108
11034.974289278149,185.25710721851283,355.66626200329017
11035.474289278149,180.25710721851283,368.1593669675355
11035.974289278149,184.74289278148717,377.2143830161951
11036.474289278149,189.74289278148717,370.9464237715214
11036.974289278149,194.74289278148717,363.3528828224573
11037.474289278149,199.74289278148717,365.0810730733248
11037.974289278149,204.74289278148717,375.37614506618405
11038.474289278149,209.74289278148717,396.41634823746824
11038.974289278149,214.74289278148717,397.78121905308774
11039.474289278149,219.74289278148717,393.22569709431525
11039.974289278149,224.74289278148717,392.11194777810357
11040.474289278149,229.74289278148717,425.12011695129013
11040.974289278149,234.74289278148717,451.4659559297591
11041.474289278149,239.74289278148717,458.49036849489715
11041.974289278149,244.74289278148717,444.6974311820823
11042.474289278149,249.74289278148717,435.48875369184026
11042.974289278149,254.74289278148717,458.4324329838577
11043.474289278149,259.74289278148717,491.7221663249325
11043.974289278149,264.74289278148717,518.2718664540943
11044.474289278149,260.25710721851283,508.94738839876857
11044.974289278149,255.25710721851283,487.2156981945672
11045.474289278149,250.25710721851283,464.46227764465704
11045.974289278149,245.25710721851283,446.64439491553634
11046.474289278149,240.25710721851283,424.9975355523314
11046.974289278149,235.25710721851283,403.4064690693266
11047.474289278149,230.25710721851283,387.4849458434156
11047.974289278149,225.25710721851283,383.64939435552816
11048.474289278149,220.25710721851283,385.683805093497
11048.974289278149,215.25710721851283,383.6421380487544
11049.474289278149,210.25710721851283,380.11011719732926
11049.974289278149,205.25710721851283,424.69506212157
11050.474289278149,214.48578556297434,462.0515081785404
11050.974289278149,224.48578556297434,522.1194257006091
11051.474289278149,234.48578556297434,551.7411874563674
11051.974289278149,244.48578556297434,558.9926837071947
11052.474289278149,254.48578556297434,547.2999440558332
11052.974289278149,264.48578556297434,544.6617279245569
11053.474289278149,274.48578556297434,555.8401876628269
11053.974289278149,284.48578556297434,581.6102004701206
11054.474289278149,294.48578556297434,620.6325686850081
11054.974289278149,304.48578556297434,633.6718197817124
11055.474289278149,314.48578556297434,623.0368298934384
11055.974289278149,324.48578556297434,590.5567090870784
11056.474289278149,334.48578556297434,543.1492510429498
11056.974289278149,344.48578556297434,528.3443245038023
11057.474289278149,354.48578556297434,538.1103641192718
11057.974289278149,364.48578556297434,586.6048287140404
11058.474289278149,374.48578556297434,648.9046371762479
11058.974289278149,384.48578556297434,662.4966320990991
11059.474289278149,394.48578556297434,649.0323174665862
11059.974289278149,404.48578556297434,623.0160959386727
11060.474289278149,414.48578556297434,630.0741718941447
11060.974289278149,424.48578556297434,673.5386031639694
11061.474289278149,401.28553609256414,705.0833737982921
11061.974289278149,376.28553609256414,715.8160401754888
11062.474289278149,351.28553609256414,675.9746454720079
11062.974289278149,326.28553609256414,629.9086531427932
11063.474289278149,301.28553609256414,594.3487221007157
11063.974289278149,276.28553609256414,552.8254272195206
11064.474289278149,251.28553609256414,449.4008047511496
11064.974289278149,226.28553609256414,400.44807912900785
11065.474289278149,201.28553609256414,298.59844096563097
11065.974289278149,176.28553609256414,258.50979072486507
11066.474289278149,151.28553609256414,203.40141147048206
11066.974289278149,126.28553609256414,158.35927180102942
11067.474289278149,101.28553609256414,127.65932934611035
11067.974289278149,76.28553609256414,99.68685852886816
11068.474289278149,51.28553609256414,55.922733346679045
11068.974289278149,26.285536092564143,32.21668482725431
11069.474289278149,23.10284288740513,22.621239477403215
11069.974289278149,17.275328412744983,17.23234008580964
11070.474289278149,14.057606724948364,14.057606724948364
11070.974289278149,13.035844935213039,13.035844935213039
11071.474289278149,13.711816859898644,13.711816859898644
11071.974289278149,14.706218606191516,14.70621860618804
11072.474289278149,14.826297656053415,14.826297656053402
11072.974289278149,14.898297656053414,14.898297656053414
11073.474289278149,14.808090722926554,14.808090722926554
11073.974289278149,14.507992068991499,14.507992068991499
11074.474289278149,14.325050174091652,14.325050174091652
11074.974289278149,14.148101595535353,14.148101595535353
11075.474289278149,13.98722743099241,13.98722743099241
11075.974289278149,13.965719900211836,13.965719900211884
11076.474289278149,13.956462792993323,13.956462792993324
11076.974289278149,13.715061046700452,13.715061046700452
11077.474289278149,13.205893415056442,13.205893415056442
11077.974289278149,12.754985385335047,12.754985385335047
11078.474289278149,12.597301845005765,12.597301845005765
11078.974289278149,13.143969876877701,13.143969876877701
11079.474289278149,13.698563941632482,13.698563941632482
11079.974289278149,14.186112021247958,14.186112021246288
11080.474289278149,14.401664289815786,14.401664289815747
11080.974289278149,13.867515908685272,13.867515908685272
11081.474289278149,12.446435257911665,12.446435257911665
11081.974289278149,11.483130471305602,11.483130471305602
11082.474289278149,10.936996257943846,10.936996257943846
11082.974289278149,10.749690223985734,10.749690223985734
11083.474289278149,11.109048479843404,11.109048479843404
11083.974289278149,11.355710274955086,11.355710274954262
11084.474289278149,11.270296408701364,11.270296408701384
11084.974289278149,10.616172267492555,10.616172267492555
11085.474289278149,9.968218252631857,9.968218252631857
11085.974289278149,10.484226984096214,10.484226984096214
11086.474289278149,10.760630424637332,10.760630424637332
11086.974289278149,10.619381695323518,10.619381695323518
11087.474289278149,10.306506283428522,10.306506283428522
11087.974289278149,9.595640496790278,9.595640496792804
11088.474289278149,8.870280546684361,8.870280546684496
11088.974289278149,8.620518403389374,8.620518403389374
11089.474289278149,8.739903840769045,8.739903840769045
11089.974289278149,9.114099901287107,9.114099901287107
11090.474289278149,9.511534265406379,9.511534265406379
11090.974289278149,9.685669726120185,9.685669726120185
11091.474289278149,9.72340593524522,9.72340593524522
11091.974289278149,9.739228678344462,9.73922867834441
11092.474289278149,9.708696907642185,9.708696907642192
11092.974289278149,9.304802692129888,9.304802692129888
11093.474289278149,8.753693165586032,8.753693165586032
11093.974289278149,8.40722618364036,8.40722618364036
11094.474289278149,8.259096159230955,8.259096159230955
11094.974289278149,8.252,8.252
11095.474289278149,8.252,8.252
11095.974289278149,8.365829426755692,8.365829426755278
11096.474289278149,8.550332768583917,8.550332768583884
11096.974289278149,8.714618304676483,8.714618304676483
11097.474289278149,8.62339925158877,8.62339925158877
11097.974289278149,8.248054363044,8.248054363044
11098.474289278149,8.003186882157507,8.003186882157507
11098.974289278149,8.106726583868287,8.106726583868287
11099.474289278149,8.060828179403641,8.060828179403641
11099.974289278149,8.162343641192717,8.162343641192338
11100.474289278149,8.302698154994236,8.302698154994209
11100.974289278149,8.550938953299548,8.550938953299548
11101.474289278149,9.07812957751321,9.07812957751321
11101.974289278149,9.64574119853324,9.64574119853324
11102.474289278149,9.990876659247045,9.990876659247045
11102.974289278149,9.651334462832164,9.651334462832164
11103.474289278149,8.547774710152034,8.547774710152034
11103.974289278149,7.889498352420022,7.889498352422203
11104.474289278149,7.777319401271015,7.777319401271031
11104.974289278149,7.9484870329150255,7.9484870329150255
11105.474289278149,8.132538454358727,8.132538454358727
11105.974289278149,8.146742892781488,8.146742892781488
11106.474289278149,7.921238303601211,7.921238303601211
11106.974289278149,7.608300597653713,7.608300597653713
11107.474289278149,7.1414251857587185,7.1414251857587185
11107.974289278149,6.851398004236718,6.8513980042376845
11108.474289278149,6.971698154994236,6.971698154994209
11108.974289278149,7.225630424637333,7.225630424637333
11109.474289278149,7.541596559458881,7.541596559458881
11109.974289278149,7.817910524425497,7.817910524425497
11110.474289278149,7.916423491510472,7.916423491510472
11110.974289278149,7.720849924621241,7.720849924621241
11111.474289278149,7.811497905523826,7.811497905523826
11111.974289278149,8.2609347643472,8.260934764345585
11112.474289278149,8.759289278148717,8.759289278148623
11112.974289278149,8.770771321655538,8.770771321655538
11113.474289278149,8.793714463907436,8.793714463907436
11113.974289278149,8.965744140133538,8.965744140133538
11114.474289278149,9.093572319537179,9.093572319537179
11114.974289278149,9.381727831220338,9.381727831220338
11115.474289278149,9.649321895975119,9.649321895975119
11115.974289278149,10.318467782401527,10.318467782399141
11116.474289278149,11.027490774971179,11.027490774971046
11116.974289278149,10.800295161349313,10.800295161349313
11117.474289278149,9.911410571093766,9.911410571093766
11117.974289278149,8.857558151768423,8.857558151768423
11118.474289278149,7.968250870458258,7.968250870458258
11118.974289278149,7.397487479811221,7.397487479811221
11119.474289278149,7.32441680785402,7.32441680785402
11119.974289278149,7.504127082809108,7.504127082808445
11120.474289278149,7.713201496822461,7.713201496822422
11120.974289278149,7.944070225061005,7.944070225061005
11121.474289278149,8.141921397034297,8.141921397034297
11121.974289278149,8.30756688323278,8.30756688323278
11122.474289278149,8.48579556157724,8.48579556157724
11122.974289278149,8.426702343946586,8.426702343946586
11123.474289278149,8.313913466025795,8.313913466025795
11123.974289278149,8.558424738862522,8.55842473886161
11124.474289278149,8.86416219533961,8.864162195339553
11124.974289278149,9.17216219533961,9.17216219533961
11125.474289278149,9.198434364119272,9.198434364119272
11125.974289278149,9.181925585986646,9.181925585986646
11126.474289278149,9.427630424637334,9.427630424637334
11126.974289278149,9.802408429949322,9.802408429949322
11127.474289278149,10.678566436336583,10.678566436336583
11127.974289278149,11.376673468176339,11.376673468173967
11128.474289278149,11.347496658171774,11.347496658171787
11128.974289278149,10.976900098712894,10.976900098712894
11129.474289278149,10.406824437347488,10.406824437347488
11129.974289278149,10.074403440541118,10.074403440541118
11130.474289278149,9.88061580997238,9.88061580997238
11130.974289278149,9.666107031839754,9.666107031839754
11131.474289278149,9.413112468144154,9.413112468144154
11131.974289278149,9.422765885351138,9.422765885351055
11132.474289278149,10.076622046732634,10.076622046732506
11132.974289278149,11.660080203877413,11.660080203877413
11133.474289278149,14.278601902426745,14.278601902426745
11133.974289278149,15.959337311095926,15.959337311095926
11134.474289278149,16.13501211996085,16.13501211996085
11134.974289278149,15.598361644354165,15.598361644354165
11135.474289278149,14.449677303569027,14.449677303569027
11135.974289278149,13.05055565706432,13.05055565706919
11136.474289278149,11.415691117778126,11.415691117778433
11136.974289278149,9.490757600782977,9.490757600782977
11137.474289278149,9.203181445853108,9.203181445853108
11137.974289278149,9.512670973472234,9.512670973472234
11138.474289278149,10.167444789831876,10.167444789831876
11138.974289278149,10.525465287697424,10.525465287697424
11139.474289278149,10.90535700850562,10.90535700850562
11139.974289278149,11.193447731432174,11.193447731431197
11140.474289278149,10.560120846048854,10.56012084604898
11140.974289278149,9.451209074271304,9.451209074271304
11141.474289278149,8.517461992537468,8.517461992537468
11141.974289278149,7.8505782027377755,7.8505782027377755
11142.474289278149,7.424288477692862,7.424288477692862
11142.974289278149,7.554772569007589,7.554772569007589
11143.474289278149,8.406286336548419,8.406286336548419
11143.974289278149,8.921546385367229,8.92154638536552
11144.474289278149,9.223984938438852,9.223984938438797
11144.974289278149,9.226668478768135,9.226668478768135
11145.474289278149,8.64167560932078,8.64167560932078
11145.974289278149,7.328470370442167,7.328470370442167
11146.474289278149,6.496342840736863,6.496342840736863
11146.974289278149,6.404725336516236,6.404725336516236
11147.474289278149,6.915180998956911,6.915180998956911
11147.974289278149,7.5415530690236805,7.541553069021504
11148.474289278149,8.171604490467384,8.171604490467267
11148.974289278149,8.6479347643472,8.6479347643472
11149.474289278149,10.867010779272263,10.867010779272263
11149.974289278149,17.403133933352144,17.403133933352144
11150.474289278149,23.753605104250163,23.753605104250163
11150.974289278149,27.819245247480783,27.819245247480783
11151.474289278149,30.753906242136612,30.753906242136612
11151.974289278149,30.737895909760542,30.73789590976114
11152.474289278149,28.035036900115287,28.035036900115816
11152.974289278149,25.133379293955954,25.133379293955954
11153.474289278149,23.859934410787538,23.859934410787538
11153.974289278149,23.67378763056874,23.67378763056874
11154.474289278149,21.933946977644588,21.933946977644588
11154.974289278149,20.414286429884957,20.414286429884957
11155.474289278149,20.10839256793232,20.10839256793232
11155.974289278149,19.576178951149004,19.576178951150894
11156.474289278149,17.51045326107311,17.51045326107351
11156.974289278149,14.707934057227881,14.707934057227881
11157.474289278149,12.961747975526228,12.961747975526228
11157.974289278149,12.327670173016381,12.327670173016381
11158.474289278149,11.803790572169037,11.803790572169037
11158.974289278149,11.03046867619392,11.03046867619392
11159.474289278149,10.526145085970555,10.526145085970555
11159.974289278149,11.500801798337495,11.500801798333859
11160.474289278149,12.735031724034007,12.735031724033774
11160.974289278149,16.17593966041887,16.17593966041887
11161.474289278149,21.407335076614945,21.407335076614945
11161.974289278149,23.23097736099001,23.23097736099001
11162.474289278149,20.47969869522697,20.47969869522697
11162.974289278149,16.621800737658518,16.621800737658518
11163.474289278149,14.851102489327747,14.851102489327747
11163.974289278149,13.514824884243684,13.514824884248235
11164.474289278149,11.830622140069172,11.83062214006949
11164.974289278149,8.791023532802384,8.791023532802384
11165.474289278149,6.806883436240034,6.806883436240034
11165.974289278149,6.443346582793016,6.443346582793016
11166.474289278149,6.6689903747432515,6.6689903747432515
11166.974289278149,7.43232563803127,7.43232563803127
11167.474289278149,8.206251224017917,8.206251224017917
11167.974289278149,8.946999553103803,8.946999553101254
11168.474289278149,8.70042643311077,8.700426433110826
11168.974289278149,8.094984137982996,8.094984137982996
11169.474289278149,7.3221601475317035,7.3221601475317035
11169.974289278149,7.565624988332933,7.565624988332933
11170.474289278149,7.884545138015179,7.884545138015179
11170.974289278149,8.061309776014266,8.061309776014266
11171.474289278149,7.940044737787251,7.940044737787251
11171.974289278149,7.941537207006677,7.941537207006646
11172.474289278149,8.150687282385435,8.150687282385395
11172.974289278149,8.764347383248872,8.764347383248872
11173.474289278149,10.253068083916562,10.253068083916562
11173.974289278149,11.865851525532952,11.865851525532952
11174.474289278149,13.522691824897445,13.522691824897445
11174.974289278149,15.344847336580603,15.344847336580603
11175.474289278149,17.001308882221874,17.001308882221874
11175.974289278149,16.304371269610915,16.304371269613757
11176.474289278149,14.97572747766068,14.975727477660934
11176.974289278149,13.914735408669182,13.914735408669182
11177.474289278149,13.000639249438228,13.000639249438228
11177.974289278149,12.723495410819723,12.723495410819723
11178.474289278149,12.70341137154962,12.70341137154962
11178.974289278149,14.266257460778172,14.266257460778172
11179.474289278149,15.70367302128014,15.70367302128014
11179.974289278149,16.28733526328802,16.287335263286163
11180.474289278149,16.616647980902584,16.616647980902524
11180.974289278149,17.149975313182104,17.149975313182104
11181.474289278149,17.989034665634307,17.989034665634307
11181.974289278149,19.710086887533862,19.710086887533862
11182.474289278149,20.944037160338407,20.944037160338407
11182.974289278149,21.817983244190604,21.817983244190604
11183.474289278149,22.422609926771784,22.422609926771784
11183.974289278149,22.757493716571478,22.75749371657037
11184.474289278149,22.982687282385434,22.982687282385395
11184.974289278149,23.068937705947498,23.068937705947498
11185.474289278149,23.008496658171772,23.008496658171772
11185.974289278149,23.100806434186044,23.100806434186044
11186.474289278149,23.8828858376076,23.8828858376076
11186.974289278149,25.290953121068306,25.290953121068306
11187.474289278149,25.417171820596362,25.417171820596362
11187.974289278149,24.453398451132916,24.45339845113643
11188.474289278149,23.781578202737776,23.781578202737897
11188.974289278149,23.739462792993322,23.739462792993322
11189.474289278149,23.730462792993322,23.730462792993322
11189.974289278149,23.360054363044,23.360054363044
11190.474289278149,22.932111220792102,22.932111220792102
11190.974289278149,23.434563941632483,23.434563941632483
11191.474289278149,24.337589428906234,24.337589428906234
11191.974289278149,26.65589706377606,26.655897063767796
11192.474289278149,31.752397370667445,31.752397370666465
11192.974289278149,36.61217163392328,36.61217163392328
11193.474289278149,40.26639701710779,40.26639701710779
11193.974289278149,40.50127466348376,40.50127466348376
11194.474289278149,37.544434904352,37.544434904352
11194.974289278149,34.13511844468129,34.13511844468129
11195.474289278149,32.259147227115,32.259147227115
11195.974289278149,32.99321192253506,32.993211922532055
11196.474289278149,34.438101949095014,34.43810194909474
11196.974289278149,36.57336404572173,36.57336404572173
11197.474289278149,36.569273416131715,36.569273416131715
11197.974289278149,33.78461340860481,33.78461340860481
11198.474289278149,30.818618844909217,30.818618844909217
11198.974289278149,28.8542149574719,28.8542149574719
11199.474289278149,28.618456109336872,28.618456109336872
11199.974289278149,30.299469830209432,30.29946983020329
11200.474289278149,32.707428834478335,32.707428834477874
11200.974289278149,32.836794314225195,32.836794314225195
11201.474289278149,32.39970528554688,32.39970528554688
11201.974289278149,31.69871491080363,31.69871491080363
11202.474289278149,30.776976206974492,30.776976206974492
11202.974289278149,29.74627261567586,29.74627261567586
11203.474289278149,28.381115856640648,28.381115856640648
11203.974289278149,26.535209521167502,26.535209521173957
11204.474289278149,24.99336628020271,24.993366280202995
11204.974289278149,24.620940647547794,24.620940647547794
11205.474289278149,26.185331874791526,26.185331874791526
11205.974289278149,28.816036266546018,28.816036266546018
11206.474289278149,31.10158185145739,31.10158185145739
11206.974289278149,32.3287854894243,32.3287854894243
11207.474289278149,32.4250459851393,32.4250459851393
11207.974289278149,32.44407441401336,32.44407441401329
11208.474289278149,33.43341885566193,33.433418855661735
11208.974289278149,35.50367801068835,35.50367801068835
11209.474289278149,36.83571775906739,36.83571775906739
11209.974289278149,36.244635060485884,36.244635060485884
11210.474289278149,34.253979595470994,34.253979595470994
11210.974289278149,33.49632653182366,33.49632653182366
11211.474289278149,32.492501294020315,32.492501294020315
11211.974289278149,31.802555210168126,31.802555210170443
11212.474289278149,29.892660194199973,29.892660194200342
11212.974289278149,29.272127529705305,29.272127529705305
11213.474289278149,30.61469601384979,30.61469601384979
11213.974289278149,32.25984608922855,32.25984608922855
11214.474289278149,34.20895686312446,34.20895686312446
11214.974289278149,34.71219730787011,34.71219730787011
11215.474289278149,34.90379556157724,34.90379556157724
11215.974289278149,34.724232867296806,34.724232867297495
11216.474289278149,33.991183140101356,33.9911831401015
11216.974289278149,33.95010284288741,33.95010284288741
11217.474289278149,34.915652970310795,34.915652970310795
11217.974289278149,35.55422154779181,35.55422154779181
11218.474289278149,35.96827715818786,35.96827715818786
11218.974289278149,35.64656314117663,35.64656314117663
11219.474289278149,35.08161875157268,35.08161875157268
11219.974289278149,34.398429374711064,34.398429374713444
11220.474289278149,33.698995010591794,33.69899501059192
11220.974289278149,33.27977426325584,33.27977426325584
11221.474289278149,32.36164468574263,32.36164468574263
11221.974289278149,31.428924785530793,31.428924785530793
11222.474289278149,30.67146323988952,30.67146323988952
11222.974289278149,30.51917057324431,30.51917057324431
11223.474289278149,30.104162642235806,30.104162642235806
11223.974289278149,28.48459371119512,28.484593711200933
11224.474289278149,28.159906782369344,28.15990678236939
11224.974289278149,29.406712322762996,29.406712322762996
11225.474289278149,31.38923152660822,31.38923152660822
11225.974289278149,32.79350120068378,32.79350120068378
11226.474289278149,32.35556189382458,32.35556189382458
11226.974289278149,31.29594653074839,31.29594653074839
11227.474289278149,29.645439446864014,29.645439446864014
11227.974289278149,29.124551021215773,29.124551021217354
11228.474289278149,29.102897157112597,29.102897157112597
11228.974289278149,29.15517182059636,29.15517182059636
11229.474289278149,29.40842473886252,29.40842473886252
11229.974289278149,29.65155601062398,29.65155601062398
11230.474289278149,29.791109526543856,29.791109526543856
11230.974289278149,29.925109526543856,29.925109526543856
11231.474289278149,30.07238962633202,30.07238962633202
11231.974289278149,30.525831921459794,30.525831921458174
11232.474289278149,30.804219053087714,30.804219053087664
11232.974289278149,31.744761249502595,31.744761249502595
11233.474289278149,33.2026905775454,33.2026905775454
11233.974289278149,35.12019097777332,35.12019097777332
11234.474289278149,35.47706478875661,35.47706478875661
11234.974289278149,35.02809366452685,35.02809366452685
11235.474289278149,34.01932403711956,34.01932403711956
11235.974289278149,33.45281900104308,33.45281900104495
11236.474289278149,33.167935211243396,33.167935211243446
11236.974289278149,33.09423955095326,33.09423955095326
11237.474289278149,32.666985385335046,32.666985385335046
11237.974289278149,32.79577256900759,32.79577256900759
11238.474289278149,34.0229234448422,34.0229234448422
11238.974289278149,34.62684404142065,34.62684404142065
11239.474289278149,33.63438089486766,33.63438089486766
11239.974289278149,32.72053640655082,32.72053640655395
11240.474289278149,32.52127885243611,32.52127885243614
11240.974289278149,33.93871357011504,33.93871357011504
11241.474289278149,34.38689421551229,34.38689421551229
11241.974289278149,34.15467810402488,34.15467810402488
11242.474289278149,34.04803930148285,34.04803930148285
11242.974289278149,35.05228758390047,35.05228758390047
11243.474289278149,36.70535486736118,36.70535486736118
11243.974289278149,37.0500133673129,37.05001336731196
11244.474289278149,37.34762498833293,37.347624988332875
11244.974289278149,38.18352045119728,38.18352045119728
11245.474289278149,39.29799661150351,39.29799661150351
11245.974289278149,39.24217057324431,39.24217057324431
11246.474289278149,36.572391413916804,36.572391413916804
11246.974289278149,32.600485525339856,32.600485525339856
11247.474289278149,31.038429821607263,31.038429821607263
11247.974289278149,31.913578556297434,31.913578556293984
11248.474289278149,33.274038407690455,33.2740384076902
11248.974289278149,33.952090276030354,33.952090276030354
11249.474289278149,34.357791372624895,34.357791372624895
11249.974289278149,34.402663042463736,34.402663042463736
11250.474289278149,33.80639550953262,33.80639550953262
11250.974289278149,32.75617520909285,32.75617520909285
11251.474289278149,31.431801891674034,31.431801891674034
11251.974289278149,29.764645132638822,29.764645132644638
11252.474289278149,28.84989092035234,28.849890920355516
11252.974289278149,28.378139649666156,28.378139649666238
11253.474289278149,28.830237856705015,28.830237856705015
11253.974289278149,27.852403887437312,27.852403887437312
11254.474289278149,26.310628823725622,26.310628823725622
11254.974289278149,24.438135107154146,24.438135107154146
11255.474289278149,24.082986632687096,24.082986632687096
11255.974289278149,24.993864092389998,24.993864092386634
11256.474289278149,27.571961852532663,27.571961852522968
11256.974289278149,29.43920728668652,29.43920728668618
11257.474289278149,29.36794733120425,29.36794733120425
11257.974289278149,28.256751717582382,28.256751717582382
11258.474289278149,27.014122540297098,27.014122540297098
11258.974289278149,27.225087781326256,27.225087781326256
11259.474289278149,27.706700649698337,27.706700649698337
11259.974289278149,27.6940568577481,27.69405685774824
11260.474289278149,27.585759201694685,27.585759201695094
11260.974289278149,27.4690163089132,27.469016308913222
11261.474289278149,27.564497905523826,27.564497905523826
11261.974289278149,27.55102842887405,27.55102842887405
11262.474289278149,29.30961322193174,29.30961322193174
11262.974289278149,30.514836910868,30.514836910868
11263.474289278149,33.283191778229174,33.283191778229174
11263.974289278149,35.80618928352507,35.80618928352507
11264.474289278149,36.83140673570108,36.83140673569782
11264.974289278149,34.8462475752983,34.8462475752987
11265.474289278149,31.669245527490396,31.669245527490396
11265.974289278149,30.184475806746565,30.184475806746565
11266.474289278149,29.92138713162792,29.92138713162792
11266.974289278149,30.726777558415794,30.726777558415794
11267.474289278149,32.56950494273994,32.56950494273994
11267.974289278149,34.56605426970746,34.56605426970746
11268.474289278149,36.50355092787924,36.50355092787257
11268.974289278149,37.7488828960073,37.748882896007075
11269.474289278149,37.5510894755745,37.5510894755745
11269.974289278149,35.93579939696993,35.93579939696993
11270.474289278149,33.88733954557691,33.88733954557691
11270.974289278149,31.438010965945338,31.438010965945338
11271.474289278149,29.49542064324671,29.49542064324671
11271.974289278149,28.466444436272216,28.466444436272216
11272.474289278149,28.403668478768132,28.40366847876818
11272.974289278149,28.93135825585767,28.931358255857567
11273.474289278149,30.417965241029158,30.417965241029158
11273.974289278149,32.00808564018182,32.00808564018182
11274.474289278149,32.75685072507709,32.75685072507709
11274.974289278149,32.793,32.793
11275.474289278149,32.42115720593141,32.42115720593141
11275.974289278149,31.589965334365694,31.589965334365694
11276.474289278149,31.107756706990585,31.10775670699218
11276.974289278149,31.655992869447353,31.655992869447243
11277.474289278149,32.3510049894082,32.3510049894082
11277.974289278149,32.86508359237391,32.86508359237391
11278.474289278149,33.31691177177755,33.31691177177755
11278.974289278149,33.64639087368407,33.64639087368407
11279.474289278149,35.410281700699876,35.410281700699876
11279.974289278149,38.818384897146935,38.818384897146935
11280.474289278149,41.875987339806414,41.87598733979594
11280.974289278149,40.94587755303944,40.94587755303965
11281.474289278149,36.500772755680664,36.500772755680664
11281.974289278149,31.72025729389159,31.72025729389159
11282.474289278149,27.645536946783555,27.645536946783555
11282.974289278149,27.585029676226103,27.585029676226103
11283.474289278149,27.99519730787011,27.99519730787011
11283.974289278149,29.006367434218223,29.006367434218223
11284.474289278149,30.93818554146892,30.938185541462087
11284.974289278149,36.19931876770174,36.199318767700724
11285.474289278149,42.832579170080216,42.832579170080216
11285.974289278149,43.30505810510015,43.30505810510015
11286.474289278149,38.20864736711981,38.20864736711981
11286.974289278149,31.759599334172595,31.759599334172595
11287.474289278149,27.101378940396295,27.101378940396295
11287.974289278149,25.56080732797843,25.56080732797843
11288.474289278149,25.803979502134453,25.80397950213331
11288.974289278149,27.760843147628254,27.76084314762787
11289.474289278149,31.045635320709,31.045635320709
11289.974289278149,33.206220653999424,33.206220653999424
11290.474289278149,33.88883860511625,33.88883860511625
11290.974289278149,33.89723411464886,33.89723411464886
11291.474289278149,33.74517600954871,33.74517600954871
11291.974289278149,33.69715970063551,33.69715970063551
11292.474289278149,33.774680598728985,33.7746805987287
11292.974289278149,34.31779261997694,34.317792619976835
11293.474289278149,35.31265297031079,35.31265297031079
11293.974289278149,37.855967288837064,37.855967288837064
11294.474289278149,41.30723063281583,41.30723063281583
11294.974289278149,41.99923242040062,41.99923242040062
11295.474289278149,40.69329854984581,40.69329854984581
11295.974289278149,37.077110513672785,37.077110513672785
11296.474289278149,33.01574806886276,33.01574806887684
11296.974289278149,30.227763483983573,30.227763483984084
11297.474289278149,30.327041796186954,30.327041796186954
11297.974289278149,32.11763621450139,32.11763621450139
11298.474289278149,33.53916424314751,33.53916424314751
11298.974289278149,34.0179402006516,34.0179402006516
11299.474289278149,34.42796862952565,34.42796862952565
11299.974289278149,35.09782773250745,35.09782773250745
11300.474289278149,36.11762454143673,36.11762454143315
11300.974289278149,36.6139861857909,36.613986185790814
11301.474289278149,36.59721112207921,36.59721112207921
11301.974289278149,36.0021384023141,36.0021384023141
11302.474289278149,33.57768488101787,33.57768488101787
11302.974289278149,31.64759790014747,31.64759790014747
11303.474289278149,29.288588721786915,29.288588721786915
11303.974289278149,28.658510472380872,28.658510472380872
11304.474289278149,30.092759555254347,30.092759555249028
11304.974289278149,34.29831671989384,34.29831671989302
11305.474289278149,38.772580510768805,38.772580510768805
11305.974289278149,40.44199366990321,40.44199366990321
11306.474289278149,38.92543944686401,38.92543944686401
11306.974289278149,37.32981151693078,37.32981151693078
11307.474289278149,37.47945316773657,37.47945316773657
11307.974289278149,38.86459317096239,38.86459317096239
11308.474289278149,39.88662997774114,39.88662997773769
11308.974289278149,38.41837715281151,38.41837715281181
11309.474289278149,36.36769949568283,36.36769949568283
11309.974289278149,35.483165583836104,35.483165583836104
11310.474289278149,34.92023037259271,34.92023037259271
11310.974289278149,35.2989402006516,35.2989402006516
11311.474289278149,36.96014374528197,36.96014374528197
11311.974289278149,38.175911324881355,38.175911324881355
11312.474289278149,37.908791819521085,37.90879181952228
11312.974289278149,34.636426973343504,34.63642697334414
11313.474289278149,31.546915253610578,31.546915253610578
11313.974289278149,32.143119952256455,32.143119952256455
11314.474289278149,34.4757657920146,34.4757657920146
11314.974289278149,37.452375718786385,37.452375718786385
11315.474289278149,38.90844977924008,38.90844977924008
11315.974289278149,38.20970279084278,38.20970279084278
11316.474289278149,35.70643864640816,35.70643864641711
11316.974289278149,34.03250842457297,34.032508424573265
11317.474289278149,33.69857526113748,33.69857526113748
11317.974289278149,34.434377059474976,34.434377059474976
11318.474289278149,37.14050574319579,37.14050574319579
11318.974289278149,41.08785143219641,41.08785143219641
11319.474289278149,40.990454861984816,40.990454861984816
11319.974289278149,36.45497175779902,36.45497175779902
11320.474289278149,30.181783274729806,30.181783274751737
11320.974289278149,26.702873457423625,26.702873457424246
11321.474289278149,25.949572766433374,25.949572766433374
11321.974289278149,26.269922644386348,26.269922644386348
11322.474289278149,27.19109820703886,27.19109820703886
11322.974289278149,28.34129970386132,28.34129970386132
11323.474289278149,29.393213169887115,29.393213169887115
11323.974289278149,29.431822743099243,29.431822743099243
11324.474289278149,28.22156234072077,28.22156234072517
11324.974289278149,26.313860443670382,26.313860443670745
11325.474289278149,24.0692638842115,24.0692638842115
11325.974289278149,22.850751717582384,22.850751717582384
11326.474289278149,21.645117103992696,21.645117103992696
11326.974289278149,20.707461992537468,20.707461992537468
11327.474289278149,19.615615009516524,19.615615009516524
11327.974289278149,19.243123340752952,19.243123340752952
11328.474289278149,19.493499152875877,19.493499152874904
11328.974289278149,20.248839852468297,20.24883985246815
11329.474289278149,21.605627036140838,21.605627036140838
11329.974289278149,23.764821402410654,23.764821402410654
11330.474289278149,25.69357935675329,25.69357935675329
11330.974289278149,25.87262917728528,25.87262917728528
11331.474289278149,24.39532029506341,24.39532029506341
11331.974289278149,21.59921959332045,21.59921959332045
11332.474289278149,19.249400592277357,19.24940059228537
11332.974289278149,18.269639249438224,18.269639249438395
11333.474289278149,18.02284992462124,18.02284992462124
11333.974289278149,18.33736244481002,18.33736244481002
11334.474289278149,19.66024409346527,19.66024409346527
11334.974289278149,21.66040878350898,21.66040878350898
11335.474289278149,23.177433470326882,23.177433470326882
11335.974289278149,24.807771675215196,24.807771675215196
11336.474289278149,26.486560553135988,26.486560553130186
11336.974289278149,29.745046692258622,29.745046692257997
11337.474289278149,33.827040809058026,33.827040809058026
11337.974289278149,37.783988140262274,37.783988140262274
11338.474289278149,41.31745931116029,41.31745931116029
11338.974289278149,42.394406735701075,42.394406735701075
11339.474289278149,38.47983879178932,38.47983879178932
11339.974289278149,31.018808408443903,31.018808408443903
11340.474289278149,26.627741385206317,26.62774138522086
11340.974289278149,27.597671773928088,27.597671773927857
11341.474289278149,32.58701986429628,32.58701986429628
11341.974289278149,38.85470794713757,38.85470794713757
11342.474289278149,45.29264021678067,45.29264021678067
11342.974289278149,50.26254914029445,50.26254914029445
11343.474289278149,52.382699755905946,52.382699755905946
11343.974289278149,52.47641137154962,52.47641137154962
11344.474289278149,52.69132733227952,52.69132733227874
11344.974289278149,55.373248635977276,55.37324863597675
11345.474289278149,58.89588823897516,58.89588823897516
11345.974289278149,57.904659747303775,57.904659747303775
11346.474289278149,54.22312138628158,54.22312138628158
11346.974289278149,48.5537017301638,48.5537017301638
11347.474289278149,44.21510677161663,44.21510677161663
11347.974289278149,42.206032264266746,42.206032264266746
11348.474289278149,44.79063157865285,44.790631578643094
11348.974289278149,49.40570215727351,49.40570215727263
11349.474289278149,50.0558887792079,50.0558887792079
11349.974289278149,42.947534992312185,42.947534992312185
11350.474289278149,34.80162740948699,34.80162740948699
11350.974289278149,28.866912852243015,28.866912852243015
11351.474289278149,26.30848587889951,26.30848587889951
11351.974289278149,23.614403533877656,23.614403533877656
11352.474289278149,23.98533526328802,23.985335263286164
11352.974289278149,25.893082698581516,25.893082698581146
11353.474289278149,28.427155418346622,28.427155418346622
11353.974289278149,30.50832893319123,30.50832893319123
11354.474289278149,31.82343765927923,31.82343765927923
11354.974289278149,33.24926164973052,33.24926164973052
11355.474289278149,34.08470858070684,34.08470858070684
11355.974289278149,35.491953121068306,35.491953121068306
11356.474289278149,37.61018678882097,37.61018678881353
11356.974289278149,39.89324489392113,39.893244893920695
11357.474289278149,41.251740751637044,41.251740751637044
11357.974289278149,40.537371269610915,40.537371269610915
11358.474289278149,39.44302638106615,39.44302638106615
11358.974289278149,40.59733481639182,40.59733481639182
11359.474289278149,43.24408225168532,43.24408225168532
11359.974289278149,44.57351750959698,44.57351750959698
11360.474289278149,43.692267179371456,43.692267179374895
11360.974289278149,42.272201143262805,42.272201143263075
11361.474289278149,41.6060869808704,41.6060869808704
11361.974289278149,41.41084448831684,41.41084448831684
11362.474289278149,39.892811516930784,39.892811516930784
11362.974289278149,37.94040308698146,37.94040308698146
11363.474289278149,37.22716683118816,37.22716683118816
11363.974289278149,36.930295161349314,36.930295161349314
11364.474289278149,36.50526548512321,36.5052654851247
11364.974289278149,34.931125481897396,34.9311254818977
11365.474289278149,31.820085826854886,31.820085826854886
11365.974289278149,28.261985925567778,28.261985925567778
11366.474289278149,24.762717945740466,24.762717945740466
11366.974289278149,22.177404781229708,22.177404781229708
11367.474289278149,20.91534578233716,20.91534578233716
11367.974289278149,21.112013367312905,21.112013367312905
11368.474289278149,22.18271651171534,22.182716511711497
11368.974289278149,22.40979556157724,22.40979556157721
11369.474289278149,22.251101595535356,22.251101595535356
11369.974289278149,22.406104090239456,22.406104090239456
11370.474289278149,23.648152123186666,23.648152123186666
11370.974289278149,26.016251577577574,26.016251577577574
11371.474289278149,26.764216111487414,26.764216111487414
11371.974289278149,26.5390380541308,26.5390380541308
11372.474289278149,25.699736656021233,25.699736656024236
11372.974289278149,25.51176463799909,25.511764637999118
11373.474289278149,26.08832439067922,26.08832439067922
11373.974289278149,26.74606184715631,26.74606184715631
11374.474289278149,26.965921397034297,26.965921397034297
11374.974289278149,25.727670619912576,25.727670619912576
11375.474289278149,23.320805280170525,23.320805280170525
11375.974289278149,22.09934034603276,22.09934034603276
11376.474289278149,20.651280993580556,20.65128099358561
11376.974289278149,21.100563941632483,21.10056394163238
11377.474289278149,22.485467335505334,22.485467335505334
11377.974289278149,24.86499447035906,24.86499447035906
11378.474289278149,26.596892074367855,26.596892074367855
11378.974289278149,26.40701506156115,26.40701506156115
11379.474289278149,25.580016755809396,25.580016755809396
11379.974289278149,24.975390073228215,24.975390073228215
11380.474289278149,24.81314758067466,24.81314758067514
11380.974289278149,25.862716511715345,25.862716511715135
11381.474289278149,26.676965687925353,26.676965687925353
11381.974289278149,26.96557900319363,26.96557900319363
11382.474289278149,26.91639381528437,26.91639381528437
11382.974289278149,26.827627929933232,26.827627929933232
11383.474289278149,27.694743693237342,27.694743693237342
11383.974289278149,28.958077709173313,28.958077709173313
11384.474289278149,32.856257367441636,32.856257367427695
11384.974289278149,34.690812224050106,34.69081222404978
11385.474289278149,35.079699402346286,35.079699402346286
11385.974289278149,34.00134034603276,34.00134034603276
11386.474289278149,33.886033865178455,33.886033865178455
11386.974289278149,34.85719017731746,34.85719017731746
11387.474289278149,35.98853381851018,35.98853381851018
11387.974289278149,36.05648578556298,36.05648578556298
11388.474289278149,36.148063541404554,36.14806354140422
11388.974289278149,36.58175750744644,36.581757507446355
11389.474289278149,36.85257900319363,36.85257900319363
11389.974289278149,35.96769610718633,35.96769610718633
11390.474289278149,33.97725969525915,33.97725969525915
11390.974289278149,32.87124962310621,32.87124962310621
11391.474289278149,33.01999581104765,33.01999581104765
11391.974289278149,34.84847651386589,34.84847651386589
11392.474289278149,35.50950708388438,35.50950708388233
11392.974289278149,34.506997952192094,34.5069979521923
11393.474289278149,32.62308912201485,32.62308912201485
11393.974289278149,32.52020568577481,32.52020568577481
11394.474289278149,32.766630424637334,32.766630424637334
11394.974289278149,33.272312270718366,33.272312270718366
11395.474289278149,34.53215212318666,34.53215212318666
11395.974289278149,35.8188720233985,35.8188720233985
11396.474289278149,36.26443142251897,36.26443142251759
11396.974289278149,33.688740491413924,33.688740491414435
11397.474289278149,30.9602776984206,30.9602776984206
11397.974289278149,28.87161964536507,28.87161964536507
11398.474289278149,29.459410924653426,29.459410924653426
11398.974289278149,30.52525915502642,30.52525915502642
11399.474289278149,31.56467596288044,31.56467596288044
11399.974289278149,32.263033418282255,32.263033418282255
11400.474289278149,33.0388398524683,33.0388398524656
11400.974289278149,34.07405890555601,34.074058905555816
11401.474289278149,35.029149628482564,35.029149628482564
11401.974289278149,35.98104678559516,35.98104678559516
11402.474289278149,36.41038000107527,36.41038000107527
11402.974289278149,36.71557356688923,36.71557356688923
11403.474289278149,36.875183940557214,36.875183940557214
11403.974289278149,36.90766304246373,36.90766304246373
11404.474289278149,36.4992140636795,36.499214063680995
11404.974289278149,35.55972453606038,35.55972453606056
11405.474289278149,33.83291311246613,33.83291311246613
11405.974289278149,31.16091774831468,31.16091774831468
11406.474289278149,29.28699839908829,29.28699839908829
11406.974289278149,29.62175750744644,29.62175750744644
11407.474289278149,30.509155064786963,30.509155064786963
11407.974289278149,31.66014543953021,31.66014543953021
11408.474289278149,32.83932269643097,32.8393226964269
11408.974289278149,33.29840299364492,33.29840299364484
11409.474289278149,33.353200249470405,33.353200249470405
11409.974289278149,34.464836910867994,34.464836910867994
11410.474289278149,36.382316813230375,36.382316813230375
11410.974289278149,39.24526075593813,39.24526075593813
11411.474289278149,41.0569096306331,41.0569096306331
11411.974289278149,39.245099994623644,39.245099994623644
11412.474289278149,35.91398717291983,35.91398717293157
11412.974289278149,31.57189440218537,31.571894402186192
11413.474289278149,27.40939899136565,27.40939899136565
11413.974289278149,25.134738797165674,25.134738797165674
11414.474289278149,23.849608325860075,23.849608325860075
11414.974289278149,22.65529436089346,22.65529436089346
11415.474289278149,21.018411017989962,21.018411017989962
11415.974289278149,19.840237503145353,19.840237503145353
11416.474289278149,19.410105784487705,19.410105784489055
11416.974289278149,19.75235700850562,19.752357008505548
11417.474289278149,20.055624988332934,20.055624988332934
11417.974289278149,20.343242045657366,20.343242045657366
11418.474289278149,20.882563941632483,20.882563941632483
11418.974289278149,21.349243293009415,21.349243293009415
11419.474289278149,21.69836244481002,21.69836244481002
11419.974289278149,21.863029676226102,21.863029676226102
11420.474289278149,22.06830433970987,22.068304339709147
11420.974289278149,23.72762953084494,23.727629530844617
11421.474289278149,26.141017462928712,26.141017462928712
11421.974289278149,27.541889579663753,27.541889579663753
11422.474289278149,28.770162995795463,28.770162995795463
11422.974289278149,30.07184359452445,30.07184359452445
11423.474289278149,30.60000917836055,30.60000917836055
11423.974289278149,30.696143391722305,30.696143391722305
11424.474289278149,30.772091970278606,30.772091970278343
11424.974289278149,30.19641850210227,30.196418502102382
11425.474289278149,28.321911865114085,28.321911865114085
11425.974289278149,25.584003034936835,25.584003034936835
11426.474289278149,22.911140990354745,22.911140990354745
11426.974289278149,21.685031817370547,21.685031817370547
11427.474289278149,21.07487585879119,21.07487585879119
11427.974289278149,20.466367080658564,20.466367080658564
11428.474289278149,19.824115409744454,19.824115409746675
11428.974289278149,20.484410924653425,20.484410924653286
11429.474289278149,22.05964583975814,22.05964583975814
11429.974289278149,22.64290089916875,22.64290089916875
11430.474289278149,22.945087781326258,22.945087781326258
11430.974289278149,21.476423137950814,21.476423137950814
11431.474289278149,20.041429821607263,20.041429821607263
11431.974289278149,20.070446484080122,20.070446484080122
11432.474289278149,20.606255412970267,20.606255412968338
11432.974289278149,21.716379554179074,21.71637955417886
11433.474289278149,22.72262997774114,22.72262997774114
11433.974289278149,23.643846536124748,23.643846536124748
11434.474289278149,22.638077802509848,22.638077802509848
11434.974289278149,21.167617951116824,21.167617951116824
11435.474289278149,19.92709411142305,19.92709411142305
11435.974289278149,18.779774710152033,18.779774710152033
11436.474289278149,18.084503788724422,18.08450378872674
11436.974289278149,17.781552268567825,17.78155226856788
11437.474289278149,17.805891720808194,17.805891720808194
11437.974289278149,18.920682646536893,18.920682646536893
11438.474289278149,21.426435518134788,21.426435518134788
11438.974289278149,23.68097023043736,23.68097023043736
11439.474289278149,25.45221815929532,25.45221815929532
11439.974289278149,26.540853219781198,26.540853219781198
11440.474289278149,26.871036359882552,26.871036359881547
11440.974289278149,27.095635860941734,27.09563586094169
11441.474289278149,28.187430975622775,28.187430975622775
11441.974289278149,29.35868264653689,29.35868264653689
11442.474289278149,29.819300150757517,29.819300150757517
11442.974289278149,31.343548433175137,31.343548433175137
11443.474289278149,35.48017332817153,35.48017332817153
11443.974289278149,40.71228909147565,40.71228909147565
11444.474289278149,44.151303799477134,44.15130379946561
11444.974289278149,43.32130104454991,43.32130104455011
11445.474289278149,41.595604583803926,41.595604583803926
11445.974289278149,40.88273246706888,40.88273246706888
11446.474289278149,41.93227671129167,41.93227671129167
11446.974289278149,42.76219436626982,42.76219436626982
11447.474289278149,42.29461331526828,42.29461331526828
11447.974289278149,38.73923634912985,38.73923634912985
11448.474289278149,35.20615774616414,35.206157746176295
11448.974289278149,34.157050620987846,34.15705062098802
11449.474289278149,33.87000962525675,33.87000962525675
11449.974289278149,34.21081980149894,34.21081980149894
11450.474289278149,34.70618643526131,34.70618643526131
11450.974289278149,35.55441760830987,35.55441760830987
11451.474289278149,37.813930928954505,37.813930928954505
11451.974289278149,40.34433811155178,40.34433811155178
11452.474289278149,42.18718429411687,42.187184294110644
11452.974289278149,41.5420058832006,41.542005883200744
11453.474289278149,40.190115856640645,40.190115856640645
11453.974289278149,38.951299797197855,38.951299797197855
11454.474289278149,37.891992515887694,37.891992515887694
11454.974289278149,35.368850017957776,35.368850017957776
11455.474289278149,33.049475006290706,33.049475006290706
11455.974289278149,32.423510472380876,32.423510472380876
11456.474289278149,35.37927955955543,35.37927955954457
11456.974289278149,39.4216348738128,39.42163487381204
11457.474289278149,43.50789198103132,43.50789198103132
11457.974289278149,45.638871576502304,45.638871576502304
11458.474289278149,44.94619401271015,44.94619401271015
11458.974289278149,38.07987444455256,38.07987444455256
11459.474289278149,31.637200082583824,31.637200082583824
11459.974289278149,28.422424031743205,28.422424031743205
11460.474289278149,28.429155511683156,28.429155511682563
11460.974289278149,29.995565989440387,29.995565989440077
11461.474289278149,30.4120024947041,30.4120024947041
11461.974289278149,29.413123787649152,29.413123787649152
11462.474289278149,26.605225029624844,26.605225029624844
11462.974289278149,24.462087874662792,24.462087874662792
11463.474289278149,23.548656805703477,23.548656805703477
11463.974289278149,24.227816859898645,24.227816859898645
11464.474289278149,26.240043397098663,26.240043397091487
11464.974289278149,26.80231770702277,26.80231770702268
11465.474289278149,26.06244568362427,26.06244568362427
11465.974289278149,24.882705732443082,24.882705732443082
11466.474289278149,24.03747411249832,24.03747411249832
11466.974289278149,24.36115132273081,24.36115132273081
11467.474289278149,24.996627483037035,24.996627483037035
11467.974289278149,25.068891720808196,25.068891720808196
11468.474289278149,24.7389975052959,24.738997505297107
11468.974289278149,23.78949585771592,23.789495857716105
11469.474289278149,23.100606631611825,23.100606631611825
11469.974289278149,23.578232420400617,23.578232420400617
11470.474289278149,24.85527795864372,24.85527795864372
11470.974289278149,24.16888004774354,24.16888004774354
11471.474289278149,22.506879247287685,22.506879247287685
11471.974289278149,21.440066929901047,21.440066929901047
11472.474289278149,20.162385083820013,20.162385083824468
11472.974289278149,20.09315426433111,20.09315426433111
11473.474289278149,20.36619062421366,20.36619062421366
11473.974289278149,21.01370189705039,21.01370189705039
11474.474289278149,22.46327920599577,22.46327920599577
11474.974289278149,23.264714017011237,23.264714017011237
11475.474289278149,23.767854914029446,23.767854914029446
11475.974289278149,24.242626235684984,24.242626235684984
11476.474289278149,24.92910783229561,24.9291078322932
11476.974289278149,26.204792173080744,26.204792173080502
11477.474289278149,27.784982797294408,27.784982797294408
11477.974289278149,29.572544244222787,29.572544244222787
11478.474289278149,30.699899204920502,30.699899204920502
11478.974289278149,30.957098653935056,30.957098653935056
11479.474289278149,31.1539213970343,31.1539213970343
11479.974289278149,32.123012920416706,32.123012920416706
11480.474289278149,33.74869182489745,33.74869182489172
11480.974289278149,35.365954368420354,35.365954368420056
11481.474289278149,37.87451536845254,37.87451536845254
11481.974289278149,38.561867033990296,38.561867033990296
11482.474289278149,36.21011924513714,36.21011924513714
11482.974289278149,34.22083745110073,34.22083745110073
11483.474289278149,33.252050620987845,33.252050620987845
11483.974289278149,36.20725113068138,36.20725113068138
11484.474289278149,38.79266963278365,38.79266963277483
11484.974289278149,38.269480796154774,38.2694807961549
11485.474289278149,37.1222659320194,37.1222659320194
11485.974289278149,38.283769180511094,38.283769180511094
11486.474289278149,42.747610186994905,42.747610186994905
11486.974289278149,46.323099361054375,46.323099361054375
11487.474289278149,45.22531610611106,45.22531610611106
11487.974289278149,40.27271759218081,40.27271759218081
11488.474289278149,36.305697894771114,36.30569789478458
11488.974289278149,36.01678219426434,36.01678219426436
11489.474289278149,38.96777078142281,38.96777078142281
11489.974289278149,43.991362258136945,43.991362258136945
11490.474289278149,49.6173145787494,49.6173145787494
11490.974289278149,52.96526868694663,52.96526868694663
11491.474289278149,54.80429257330868,54.80429257330868
11491.974289278149,53.45031485875901,53.45031485875901
11492.474289278149,50.68088263578417,50.680882635793964
11492.974289278149,47.00723634912985,47.00723634913054
11493.474289278149,44.745253011602706,44.745253011602706
11493.974289278149,42.82880358592228,42.82880358592228
11494.474289278149,41.57847705409861,41.57847705409861
11494.974289278149,41.69717850425281,41.69717850425281
11495.474289278149,42.9268720233985,42.9268720233985
11495.974289278149,45.75905507016332,45.75905507016332
11496.474289278149,50.29048435153785,50.29048435152191
11496.974289278149,52.68696479413296,52.686964794124684
11497.474289278149,52.74423955095326,52.744239550953274
11497.974289278149,51.02027849887645,51.02027849887645
11498.474289278149,48.619108372528345,48.619108372528345
11498.974289278149,46.440327425616054,46.440327425616054
11499.474289278149,43.27647420583485,43.27647420583485
11499.974289278149,40.05562847016596,40.05562847016596
11500.474289278149,37.1542994436382,37.15429944364815
11500.974289278149,35.79561376216447,35.79561376216911
11501.474289278149,37.64518010516452,37.645180105164144
11501.974289278149,42.857095525661684,42.857095525661684
11502.474289278149,48.24304410421799,48.24304410421799
11502.974289278149,52.94891327935272,52.94891327935272
11503.474289278149,53.90612538856086,53.90612538856086
11503.974289278149,51.17704777272409,51.17704777272409
11504.474289278149,45.882858489199016,45.882858489217725
11504.974289278149,41.20164692022361,41.20164692024049
11505.474289278149,39.34757071862547,39.34757071862579
11505.974289278149,40.156406735701076,40.156406735701076
11506.474289278149,41.48558105100154,41.48558105100154
11506.974289278149,41.678315212318665,41.678315212318665
11507.474289278149,42.72369351914569,42.72369351914569
11507.974289278149,44.54720185038212,44.54720185038212
11508.474289278149,46.14270269750624,46.14270269750079
11508.974289278149,46.869981996838554,46.869981996836074
11509.474289278149,46.01902762841819,46.01902762841837
11509.974289278149,44.90574628127798,44.90574628127798
11510.474289278149,44.05878264116053,44.05878264116053
11510.974289278149,43.9410622940525,43.9410622940525
11511.474289278149,44.79925790767437,44.79925790767437
11511.974289278149,46.48419516672567,46.48419516672567
11512.474289278149,50.59212734303223,50.59212734301761
11512.974289278149,55.744505649859256,55.74450564984033
11513.474289278149,59.13377202877486,59.13377202877424
11513.974289278149,61.910642451261644,61.910642451261644
11514.474289278149,64.32289706377605,64.32289706377605
11514.974289278149,64.67555601062398,64.67555601062398
11515.474289278149,63.882656805703476,63.882656805703476
11515.974289278149,61.26171206253987,61.26171206253987
11516.474289278149,56.41894751787732,56.41894751789443
11516.974289278149,49.95745050614589,49.95745050616969
11517.474289278149,44.88569584696321,44.88569584696414
11517.974289278149,40.03029115907004,40.03029115907004
11518.474289278149,39.047748775982086,39.047748775982086
11518.974289278149,40.724927186898356,40.724927186898356
11519.474289278149,42.87167257438394,42.87167257438394
11519.974289278149,44.80806514231626,44.80806514231626
11520.474289278149,46.02063122509319,46.02063122509319
11520.974289278149,47.60062284718849,47.60062284718296
11521.474289278149,48.62873282062854,48.62873282062836
11521.974289278149,48.99397950213445,48.99397950213445
11522.474289278149,48.94175376539029,48.94175376539029
11522.974289278149,49.50335281955327,49.50335281955327
11523.474289278149,52.34938115509079,52.34938115509079
11523.974289278149,56.99731377829354,56.99731377829354
11524.474289278149,62.75129283353179,62.75129283353179
11524.974289278149,70.34931199070876,70.34931199068221
11525.474289278149,75.06956963816,75.06956963815915
11525.974289278149,75.28787416454296,75.28787416454296
11526.474289278149,67.39956930438683,67.39956930438683
11526.974289278149,58.3219121451237,58.3219121451237
11527.474289278149,52.61494921212557,52.61494921212557
11527.974289278149,51.024807327978436,51.024807327978436
11528.474289278149,50.262486232459175,50.262486232459175
11528.974289278149,49.46139426218057,49.46139426218335
11529.474289278149,47.587346229233354,47.58734622923372
11529.974289278149,44.86992318461908,44.86992318461908
11530.474289278149,43.41991017086583,43.41991017086583
11530.974289278149,42.29323206684095,42.29323206684095
11531.474289278149,42.88577631106374,42.88577631106374
11531.974289278149,44.04221985354357,44.04221985354357
11532.474289278149,43.87344398937602,43.87344398937602
11532.974289278149,42.72080857533048,42.72080857533463
11533.474289278149,41.31960707850802,41.319607078508284
11533.974289278149,39.73970867404338,39.73970867404338
11534.474289278149,38.918108726088,38.918108726088
11534.974289278149,39.07720149682246,39.07720149682246
11535.474289278149,40.85994474316361,40.85994474316361
11535.974289278149,43.05899865931141,43.05899865931141
11536.474289278149,45.27599865931141,45.27599865931141
11536.974289278149,46.84037661257877,46.8403766125735
11537.474289278149,47.62379386732899,47.62379386732886
11537.974289278149,47.90863042463733,47.90863042463733
11538.474289278149,44.84481116337112,44.84481116337112
11538.974289278149,39.769105971160776,39.769105971160776
11539.474289278149,37.5802312663851,37.5802312663851
11539.974289278149,36.59761625686858,36.59761625686858
11540.474289278149,37.01290633547315,37.01290633547315
11540.974289278149,38.1098937686161,38.1098937686122
11541.474289278149,39.28732269643097,39.28732269643075
11541.974289278149,38.95433989913656,38.95433989913656
11542.474289278149,38.572540148606976,38.572540148606976
11542.974289278149,38.79583611041214,38.79583611041214
11543.474289278149,40.121832721915645,40.121832721915645
11543.974289278149,44.10019507338913,44.10019507338913
11544.474289278149,47.43282345021856,47.43282345021856
11544.974289278149,49.590220653999424,49.59022065399219
11545.474289278149,50.34303341828225,50.343033418282126
11545.974289278149,50.322033865178454,50.322033865178454
11546.474289278149,48.56033535662456,48.56033535662456
11546.974289278149,46.19125720055505,46.19125720055505
11547.474289278149,44.97049461036387,44.97049461036387
11547.974289278149,43.47390348720939,43.47390348720939
11548.474289278149,42.768989574287396,42.768989574287396
11548.974289278149,44.159764991558745,44.159764991553565
11549.474289278149,47.35118340032448,47.35118340032386
11549.974289278149,49.86109187694207,49.86109187694207
11550.474289278149,50.18056144692838,50.18056144692838
11550.974289278149,48.084207026463396,48.084207026463396
11551.474289278149,45.99885376001394,45.99885376001394
11551.974289278149,44.298388025420316,44.298388025420316
11552.474289278149,42.869761342839126,42.869761342839126
11552.974289278149,42.04003431207465,42.0400343120774
11553.474289278149,40.80189386195264,40.80189386195288
11553.974289278149,38.964106678280096,38.964106678280096
11554.474289278149,38.1290573046443,38.1290573046443
11554.974289278149,37.597636307837924,37.597636307837924
11555.474289278149,37.091967829069795,37.091967829069795
11555.974289278149,36.710283041388465,36.710283041388465
11556.474289278149,35.61056902437722,35.61056902437722
11556.974289278149,34.73147954880272,34.7314795488057
11557.474289278149,32.62668737572197,32.626687375722376
11557.974289278149,30.02687844683183,30.02687844683183
11558.474289278149,27.40387844683183,27.40387844683183
11558.974289278149,24.671791912857625,24.671791912857625
11559.474289278149,21.581869268471277,21.581869268471277
11559.974289278149,19.553300244094057,19.553300244094057
11560.474289278149,19.00047660720242,19.00047660720242
11560.974289278149,19.2729050881211,19.27290508812002
11561.474289278149,19.687402993644923,19.687402993644845
11561.974289278149,20.107402993644925,20.107402993644925
11562.474289278149,20.526454415088622,20.526454415088622
11562.974289278149,20.919842794068597,20.919842794068597
11563.474289278149,21.29381980149894,21.29381980149894
11563.974289278149,21.78539212103612,21.78539212103612
11564.474289278149,22.659977807886204,22.659977807886204
11564.974289278149,23.24574119853324,23.245741198531274
11565.474289278149,24.239704391754493,24.2397043917543
11565.974289278149,24.80518099895691,24.80518099895691
11566.474289278149,25.314877906599097,25.314877906599097
11566.974289278149,25.698614115724133,25.698614115724133
11567.474289278149,26.950203544630366,26.950203544630366
11567.974289278149,28.628634967149342,28.628634967149342
11568.474289278149,29.291787183672543,29.291787183672543
11568.974289278149,29.323,29.323
11569.474289278149,29.323,29.323
11569.974289278149,28.452204885318956,28.452204885318956
11570.474289278149,26.872097053023346,26.872097053023346
11570.974289278149,26.525295161349312,26.525295161349312
11571.474289278149,27.200616610428234,27.200616610428234
11571.974289278149,29.654029582889564,29.654029582889564
11572.474289278149,30.606469029753576,30.606469029753576
11572.974289278149,29.95948623245917,29.959486232461686
11573.474289278149,29.539722841812132,29.539722841812207
11573.974289278149,29.620497905523827,29.620497905523827
11574.474289278149,30.581218606191516,30.581218606191516
11574.974289278149,31.813980302590306,31.813980302590306
11575.474289278149,32.708006236760255,32.708006236760255
11575.974289278149,32.400128777057354,32.400128777057354
11576.474289278149,31.269265932019408,31.269265932019408
11576.974289278149,30.056477054098618,30.05647705410281
11577.474289278149,29.41062418787708,29.410624187877193
11577.974289278149,30.825582298353588,30.825582298353588
11578.474289278149,31.529113268600007,31.529113268600007
11578.974289278149,29.7521635360282,29.7521635360282
11579.474289278149,26.350100888416037,26.350100888416037
11579.974289278149,24.47304438422759,24.47304438422759
11580.474289278149,23.30436333860241,23.30436333860241
11580.974289278149,21.8411551581235,21.84115515812861
11581.474289278149,21.344779699560235,21.34477969956032
11581.974289278149,21.546813117842493,21.546813117842493
11582.474289278149,23.025502448035834,23.025502448035834
11582.974289278149,25.270604844027044,25.270604844027044
11583.474289278149,26.715061400260108,26.715061400260108
11583.974289278149,26.73577675795994,26.73577675795994
11584.474289278149,26.15626423777116,26.15626423777116
11584.974289278149,24.409969970214238,24.409969970220477
11585.474289278149,23.40446742884187,23.40446742884205
11585.974289278149,23.724945636956,23.724945636956
11586.474289278149,25.09387870705495,25.09387870705495
11586.974289278149,26.563307634869822,26.563307634869822
11587.474289278149,27.201507083884376,27.201507083884376
11587.974289278149,27.551670973472234,27.551670973472234
11588.474289278149,27.90953970171078,27.90953970171078
11588.974289278149,29.385016662472857,29.385016662467557
11589.474289278149,30.712329380087425,30.712329380087176
11589.974289278149,29.860827378947786,29.860827378947786
11590.474289278149,28.508601642203622,28.508601642203622
11590.974289278149,25.65487051582333,25.65487051582333
11591.474289278149,24.027063187844895,24.027063187844895
11591.974289278149,23.21469735453838,23.21469735453838
11592.474289278149,23.23476044904674,23.23476044904674
11592.974289278149,22.962912218673743,22.962912218674745
11593.474289278149,22.47465930040758,22.474659300407676
11593.974289278149,22.068619998924728,22.068619998924728
11594.474289278149,22.035668478768134,22.035668478768134
11594.974289278149,22.91433232168772,22.91433232168772
11595.474289278149,23.20293895329955,23.20293895329955
11595.974289278149,22.747402193189068,22.747402193189068
11596.474289278149,22.126292666645213,22.126292666645213
11596.974289278149,22.800691024441587,22.800691024439015
11597.474289278149,23.87769351914569,23.877693519145488
11597.974289278149,24.369397557340523,24.369397557340523
11598.474289278149,24.839780500016094,24.839780500016094
11598.974289278149,25.502393368388173,25.502393368388173
11599.474289278149,26.954176363108367,26.954176363108367
11599.974289278149,28.486119505360264,28.486119505360264
11600.474289278149,27.974984137982997,27.974984137982997
11600.974289278149,26.870157652827604,26.870157652831505
11601.474289278149,24.178745927718325,24.178745927718843
11601.974289278149,22.085722488252475,22.085722488252475
11602.474289278149,20.860677303569027,20.860677303569027
11602.974289278149,20.863554763271928,20.863554763271928
11603.474289278149,21.120270474531416,21.120270474531416
11603.974289278149,22.65741716141368,22.65741716141368
11604.474289278149,25.486134920481074,25.486134920481074
11604.974289278149,30.52587103626957,30.52587103625178
11605.474289278149,39.58052890265203,39.58052890265029
11605.974289278149,46.75301602890359,46.75301602890359
11606.474289278149,48.78929257330868,48.78929257330868
11606.974289278149,42.90585225243876,42.90585225243876
11607.474289278149,31.39446450702806,31.39446450702806
11607.974289278149,20.255932289429587,20.255932289429587
11608.474289278149,16.80890981730618,16.80890981730618
11608.974289278149,14.78524882265035,14.785248822657145
11609.474289278149,14.33302593416995,14.333025934170019
11609.974289278149,14.13661580997238,14.13661580997238
11610.474289278149,14.0160163089132,14.0160163089132
11610.974289278149,13.788981196382696,13.788981196382696
11611.474289278149,12.95932528447161,12.95932528447161
11611.974289278149,12.842908029721395,12.842908029721395
11612.474289278149,13.333209427830962,13.333209427830962
11612.974289278149,13.795397557340523,13.795397557338939
11613.474289278149,13.91860074841123,13.91860074841121
11613.974289278149,13.795941894899846,13.795941894899846
11614.474289278149,13.446563141176627,13.446563141176627
11614.974289278149,13.07702593416995,13.07702593416995
11615.474289278149,12.706077355613651,12.706077355613651
11615.974289278149,12.08749835242002,12.08749835242002
11616.474289278149,11.86623286729681,11.86623286729681
11616.974289278149,11.915760449046738,11.915760449046521
11617.474289278149,12.171321895975119,12.171321895975069
11617.974289278149,12.525539701710779,12.525539701710779
11618.474289278149,13.538110326999712,13.538110326999712
11618.974289278149,13.86613920276996,13.86613920276996
11619.474289278149,13.16387461143914,13.16387461143914
11619.974289278149,12.25705062098785,12.25705062098785
11620.474289278149,11.316438999967819,11.316438999967819
11620.974289278149,10.703595759003028,10.70359575900508
11621.474289278149,10.081086980870401,10.081086980870516
11621.974289278149,9.498824437347487,9.498824437347487
11622.474289278149,9.045933963891343,9.045933963891343
11622.974289278149,10.624200603030069,10.624200603030069
11623.474289278149,20.724195240275716,20.724195240275716
11623.974289278149,44.49674026516787,44.49674026516787
